{
	"settings": {
		"layers-header-background-color": {
			"title": "Header Color",
			"type": "layers-color",
			"value": "#f3f3f3",
			"default": "#F3F3F3"
		},
		"layers-site-accent-color": {
			"title": "Site Accent Color",
			"type": "layers-color",
			"value": "#F3F3F3",
			"default": "#F3F3F3"
		},
		"layers-footer-background-color": {
			"title": "Footer Color",
			"type": "layers-color",
			"value": "#F3F3F3",
			"default": "#F3F3F3"
		},
		"layers-footer-width": {
			"title": "",
			"type": "layers-select-icons",
			"value": "layout-boxed",
			"default": "layout-boxed"
		},
		"layers-footer-sidebar-count": {
			"title": "Widget Areas",
			"type": "layers-select",
			"value": "4",
			"default": "4"
		},
		"layers-show-layers-badge": {
			"title": "Support Layers",
			"type": "layers-checkbox",
			"value": "1",
			"default": "1"
		},
		"layers-footer-copyright-text": {
			"title": "Copyright Text",
			"type": "layers-text",
			"value": " Made at the tip of Africa. &copy;",
			"default": " Made at the tip of Africa. &copy;"
		},
		"layers-header-width": {
			"title": "Header Width",
			"type": "layers-select-icons",
			"value": "layout-boxed",
			"default": "layout-boxed"
		},
		"layers-header-menu-layout": {
			"title": "Logo & Menu Position",
			"type": "layers-select-icons",
			"value": "header-logo-left",
			"default": "header-logo-left"
		},
		"layers-header-sticky": {
			"title": "Sticky",
			"type": "layers-checkbox",
			"value": "1",
			"default": ""
		},
		"layers-header-overlay": {
			"title": "Overlay",
			"type": "layers-checkbox",
			"value": "1",
			"default": ""
		}
	},
	"pages": {
		"wattkins-home-page": {
			"post_title": "Wattkins-Home Page",
			"screenshot": "http:\/\/s.wordpress.com\/mshots\/v1\/http%3A%2F%2Fobox.beta%2Fwattkins%2F?w=320&h=480",
			"screenshot_type": "png",
			"widget_data": "{\"obox-layers-builder-4\":{\"layers-widget-slide-3\":{\"design\":{\"layout\":\"layout-fullwidth\",\"advanced\":{\"customclass\":\"\",\"customcss\":\"\",\"padding\":{\"top\":\"\",\"right\":\"\",\"bottom\":\"\",\"left\":\"\"},\"margin\":{\"top\":\"\",\"right\":\"\",\"bottom\":\"\",\"left\":\"\"}}},\"show_slider_arrows\":\"on\",\"show_slider_dots\":\"on\",\"slider_arrow_color\":\"\",\"slide_time\":\"\",\"slide_height\":\"750\",\"slide_ids\":\"658,901,479\",\"focus_slide\":\"2\",\"slides\":{\"658\":{\"design\":{\"background\":{\"image\":\"http:\\\/\\\/obox.beta\\\/wattkins\\\/wp-content\\\/uploads\\\/sites\\\/23\\\/2015\\\/07\\\/photo-1424746219973-8fe3bd07d8e3.jpg\",\"color\":\"#444444\",\"repeat\":\"no-repeat\",\"position\":\"center\",\"stretch\":\"on\",\"darken\":\"on\"},\"featuredimage\":\"\",\"featuredvideo\":\"\",\"imagealign\":\"image-top\",\"fonts\":{\"align\":\"text-center\",\"size\":\"large\",\"color\":\"\"}},\"title\":\"Through the Trees\",\"excerpt\":\"<p>And into the <u>wind<\\\/u>.<br><span style=\\\"line-height: 1.5;\\\">They will not catch us, nor will they see us fall.<\\\/span><\\\/p>\",\"link\":\"\",\"link_text\":\"See More\"},\"901\":{\"design\":{\"background\":{\"image\":\"http:\\\/\\\/obox.beta\\\/wattkins\\\/wp-content\\\/uploads\\\/sites\\\/23\\\/2015\\\/07\\\/DND48SWLST.jpg\",\"color\":\"#444444\",\"repeat\":\"no-repeat\",\"position\":\"center\",\"stretch\":\"on\",\"darken\":\"on\"},\"featuredimage\":\"\",\"featuredvideo\":\"\",\"imagealign\":\"image-right\",\"fonts\":{\"align\":\"text-left\",\"size\":\"large\",\"color\":\"\"}},\"title\":\"We climbed for days\",\"excerpt\":\"<p>We found nothing, we conqured everything.<\\\/p><p><em>Nothing mattered though, now we were free<\\\/em><\\\/p>\",\"link\":\"#\",\"link_text\":\"See the Collection\"},\"479\":{\"design\":{\"background\":{\"image\":\"http:\\\/\\\/obox.beta\\\/wattkins\\\/wp-content\\\/uploads\\\/sites\\\/23\\\/2015\\\/07\\\/photo-1428865798880-73444f4cbefc.jpg\",\"color\":\"#ffffff\",\"repeat\":\"no-repeat\",\"position\":\"center\",\"stretch\":\"on\"},\"featuredimage\":\"\",\"featuredvideo\":\"\",\"imagealign\":\"image-right\",\"fonts\":{\"align\":\"text-left\",\"size\":\"large\",\"color\":\"\"}},\"title\":\"Lost?\",\"excerpt\":\"<p>Not us, if we were lost we would not be here, <strong>together<\\\/strong>.<\\\/p>\",\"link\":\"#\",\"link_text\":\"Read About Our Journey\"}}},\"layers-widget-column-3\":{\"design\":{\"layout\":\"layout-boxed\",\"liststyle\":\"list-grid\",\"gutter\":\"on\",\"fonts\":{\"align\":\"text-center\",\"size\":\"large\",\"color\":\"\"},\"background\":{\"image\":\"\",\"color\":\"\",\"repeat\":\"no-repeat\",\"position\":\"center\"},\"advanced\":{\"customclass\":\"\",\"customcss\":\"\",\"padding\":{\"top\":\"\",\"right\":\"\",\"bottom\":\"\",\"left\":\"\"},\"margin\":{\"top\":\"\",\"right\":\"\",\"bottom\":\"\",\"left\":\"\"}}},\"title\":\"Our Services\",\"excerpt\":\"Our services run deep and are backed by over ten years of experience.\",\"column_ids\":\"992,238,188\",\"columns\":{\"992\":{\"design\":{\"background\":{\"image\":\"\",\"color\":\"\",\"repeat\":\"no-repeat\",\"position\":\"center\"},\"featuredimage\":\"http:\\\/\\\/obox.beta\\\/wattkins\\\/wp-content\\\/uploads\\\/sites\\\/23\\\/2015\\\/07\\\/Dollarphotoclub_83782295.jpg\",\"featuredvideo\":\"\",\"imagealign\":\"image-top\",\"fonts\":{\"align\":\"text-left\",\"size\":\"medium\",\"color\":\"\"}},\"width\":\"4\",\"title\":\"Your service title\",\"excerpt\":\"Give us a brief description of the service that you are promoting. Try keep it short so that it is easy for people to scan your page.\",\"link\":\"\",\"link_text\":\"\"},\"238\":{\"design\":{\"background\":{\"image\":\"\",\"color\":\"\",\"repeat\":\"no-repeat\",\"position\":\"center\"},\"featuredimage\":\"http:\\\/\\\/obox.beta\\\/wattkins\\\/wp-content\\\/uploads\\\/sites\\\/23\\\/2015\\\/07\\\/Dollarphotoclub_83782304.jpg\",\"featuredvideo\":\"\",\"imagealign\":\"image-top\",\"fonts\":{\"align\":\"text-left\",\"size\":\"medium\",\"color\":\"\"}},\"width\":\"4\",\"title\":\"Your service title\",\"excerpt\":\"Give us a brief description of the service that you are promoting. Try keep it short so that it is easy for people to scan your page.\",\"link\":\"\",\"link_text\":\"\"},\"188\":{\"design\":{\"background\":{\"image\":\"\",\"color\":\"\",\"repeat\":\"no-repeat\",\"position\":\"center\"},\"featuredimage\":\"http:\\\/\\\/obox.beta\\\/wattkins\\\/wp-content\\\/uploads\\\/sites\\\/23\\\/2015\\\/07\\\/Dollarphotoclub_83782312.jpg\",\"featuredvideo\":\"\",\"imagealign\":\"image-top\",\"fonts\":{\"align\":\"text-left\",\"size\":\"medium\",\"color\":\"\"}},\"width\":\"4\",\"title\":\"Your service title\",\"excerpt\":\"Give us a brief description of the service that you are promoting. Try keep it short so that it is easy for people to scan your page.\",\"link\":\"\",\"link_text\":\"\"}}},\"layers-widget-slide-5\":{\"design\":{\"layout\":\"layout-fullwidth\",\"advanced\":{\"customclass\":\"\",\"customcss\":\"\",\"padding\":{\"top\":\"\",\"right\":\"\",\"bottom\":\"\",\"left\":\"\"},\"margin\":{\"top\":\"\",\"right\":\"\",\"bottom\":\"\",\"left\":\"\"}}},\"show_slider_dots\":\"on\",\"slider_arrow_color\":\"\",\"autoplay_slides\":\"on\",\"slide_time\":\"2\",\"slide_height\":\"300\",\"slide_ids\":\"658,954\",\"focus_slide\":\"1\",\"slides\":{\"658\":{\"design\":{\"background\":{\"image\":\"http:\\\/\\\/obox.beta\\\/wattkins\\\/wp-content\\\/uploads\\\/sites\\\/23\\\/2015\\\/07\\\/Dollarphotoclub_83782295.jpg\",\"color\":\"#444\",\"repeat\":\"no-repeat\",\"position\":\"center\",\"stretch\":\"on\"},\"featuredimage\":\"\",\"featuredvideo\":\"\",\"imagealign\":\"image-top\",\"fonts\":{\"align\":\"text-left\",\"size\":\"small\",\"color\":\"\"}},\"title\":\"\\\"I didn't know what to feel? Was feeling alone even enough?\\\"\",\"excerpt\":\"<p><em>~ Dan Montenari<\\\/em><\\\/p>\",\"link\":\"\",\"link_text\":\"See More\"},\"954\":{\"design\":{\"background\":{\"image\":\"http:\\\/\\\/obox.beta\\\/wattkins\\\/wp-content\\\/uploads\\\/sites\\\/23\\\/2015\\\/07\\\/Dollarphotoclub_83782304.jpg\",\"color\":\"#444\",\"repeat\":\"no-repeat\",\"position\":\"center\",\"stretch\":\"on\"},\"featuredimage\":\"\",\"featuredvideo\":\"\",\"imagealign\":\"image-top\",\"fonts\":{\"align\":\"text-right\",\"size\":\"small\",\"color\":\"\"}},\"title\":\"\\\"It wasn't until we ran away, that we knew we had purpose\\\"\",\"excerpt\":\"<p><em>~ John Basilikas<\\\/em><\\\/p>\",\"link\":\"\",\"link_text\":\"See More\"}}},\"layers-widget-post-3\":{\"design\":{\"layout\":\"layout-boxed\",\"fonts\":{\"align\":\"text-center\",\"size\":\"large\",\"color\":\"\"},\"columns\":\"3\",\"column-background-color\":\"\",\"gutter\":\"on\",\"buttons\":{\"background-color\":\"\"},\"liststyle\":\"list-masonry\",\"imageratios\":\"image-no-crop\",\"background\":{\"image\":\"\",\"color\":\"\",\"repeat\":\"no-repeat\",\"position\":\"center\"},\"advanced\":{\"customclass\":\"\",\"customcss\":\"\",\"padding\":{\"top\":\"\",\"right\":\"\",\"bottom\":\"\",\"left\":\"\"},\"margin\":{\"top\":\"\",\"right\":\"\",\"bottom\":\"\",\"left\":\"\"}}},\"text_style\":\"regular\",\"show_media\":\"on\",\"show_titles\":\"on\",\"show_excerpts\":\"on\",\"excerpt_length\":\"200\",\"show_dates\":\"on\",\"show_author\":\"on\",\"show_tags\":\"on\",\"show_categories\":\"on\",\"show_call_to_action\":\"on\",\"call_to_action\":\"Read More\",\"title\":\"Travellogue - Italy\",\"excerpt\":\"<p>Our travels have taken us far and wide, discover what we have accomplished<\\\/p>\",\"category\":\"3\",\"posts_per_page\":\"6\",\"order\":\"{\\\"orderby\\\":\\\"date\\\",\\\"order\\\":\\\"desc\\\"}\"}}}"
		}
	},
	"css": "\n\n\/**\n* Layers DevKit Custom Main CSS\n*\/\n@import url(http:\/\/fonts.googleapis.com\/css?family=Cabin:700);\n\nbody{\n  color: #777;\n  font-family: \"Cabin\", arial, sans-serif;  \n}\n\n\/* ------------------------- *\/\n\/* WRAPPER \/ HEADER \/ FOOTER *\/\n\/* ------------------------- *\/\n.wrapper-site{\n  background: url( 'http:\/\/demo.oboxsites.com\/gigawatt\/wp-content\/themes\/gigawatt\/color-styles\/light\/layout\/texture.jpg' ) repeat;\n}\n\n.footer-site{\n  background: transparent;\n}\n  \n.logo h3.sitename a{\n  color: #4a4a4a;\n  font-family: \"Cabin\", sans-serif;\n  font-size: 3rem;\n  font-weight: 700;\n  letter-spacing: 3px;\n  text-transform: uppercase;\n  text-shadow: 3px 2px 0px rgba(0, 0, 0, 0.2);\n  \n}\n\n.invert .logo h3.sitename a{\n  color: #fff;\n}\n\n.header-site nav{\n  line-height: 63px;\n}\n\n\/* ----------------- *\/\n\/* SITE NAVI STYLING *\/\n\/* ----------------- *\/\nul#nav li{\n  position: relative;\n  padding: 0px 20px 0px 0px;\n  margin: 0px 0px 0px 10px;\n  text-align: center;\n}\n\nul#nav li a{\n  font-weight: 600;\n  font-size: 1.8rem;\n  text-transform: uppercase;\n}\n\nul#nav li a:hover, .current-menu-item a {\n  margin-bottom: -4px;\n}\n\n\/* ----------------- *\/\n\/* SITE WIDE STYLING *\/\n\/* ----------------- *\/\n\na{\n  color: #895931;\n}\n\n.heading{\n  color: #4a4a4a;\n}\n\n.section-title .heading, .title-container .heading{\n  text-shadow: 3px 2px 0px rgba(0, 0, 0, 0.2);\n  text-transform: uppercase;\n}\n\n\/* -------------- *\/\n\/* WIDGET STYLING *\/\n\/* -------------- *\/\n.widget .section-title .excerpt{\n  text-shadow: 3px 2px 0px rgba(0, 0, 0, 0.1);\n}\n\n\t\/* SLIDER WIDGET *\/\n\t.widget.slide .section-title .button{\n\t  text-transform: uppercase;\n\t}\n\n\t.widget.slide .section-title{\n\t  padding: 2%;\n\t}\n\n  \/* POST WIDGET *\/\n\n  .layers-masonry-column.with-overlay .button{\n    border: none;\n    background: #f3f3f3;\n    color: #fff;\n    text-shadow: none;\n    text-transform: uppercase;\n    font-weight: 700;\n    color: #895931;\n    text-shadow: 3px 2px 0px rgba(0, 0, 0, 0.1);\n  }\n\n\n\/* ----------- *\/\n\/* SITE FOOTER *\/\n\/* ----------- *\/\n.footer-site .widget .section-nav-title{\n  font-family: \"Cabin\", sans-serif;\n  font-size: 1.75rem;\n  font-weight: 700;\n  letter-spacing: 3px;\n  text-transform: uppercase;\n  text-shadow: 3px 2px 0px rgba(0, 0, 0, 0.2);\n}\n\n.search-form input[type=search].search-field{\n  border: none;\n  background: rgba( 255, 255, 255, 0.8);\n  float: left;\n  height: 45px;\n  width: 66%;\n}\n.search-form input[type=submit]{\n  background: #8b8b8b;\n  color: #fff;\n  float: left;\n  height: 45px;\n  text-transform: uppercase;\n  width: 33%;\n}\n\n",
	"info": {
		"layers-version": "1.1.4",
		"php-version": "5.6.10",
		"wp-version": "4.2.2"
	}
}