{
	"settings": {
		"layers-header-background-color": {
			"title": "Header Color",
			"type": "layers-color",
			"value": "#1f1f1f",
			"default": "#F3F3F3"
		},
		"layers-site-accent-color": {
			"title": "Site Accent Color",
			"type": "layers-color",
			"value": "#F3F3F3",
			"default": "#F3F3F3"
		},
		"layers-footer-background-color": {
			"title": "Footer Color",
			"type": "layers-color",
			"value": "#121212",
			"default": "#F3F3F3"
		},
		"layers-footer-width": {
			"title": "",
			"type": "layers-select-icons",
			"value": "layout-boxed",
			"default": "layout-boxed"
		},
		"layers-footer-sidebar-count": {
			"title": "Widget Areas",
			"type": "layers-select",
			"value": "4",
			"default": "4"
		},
		"layers-show-layers-badge": {
			"title": "Support Layers",
			"type": "layers-checkbox",
			"value": "1",
			"default": "1"
		},
		"layers-footer-copyright-text": {
			"title": "Copyright Text",
			"type": "layers-text",
			"value": " Made at the tip of Africa. &copy;",
			"default": " Made at the tip of Africa. &copy;"
		},
		"layers-header-width": {
			"title": "Header Width",
			"type": "layers-select-icons",
			"value": "layout-boxed",
			"default": "layout-boxed"
		},
		"layers-header-menu-layout": {
			"title": "Logo & Menu Position",
			"type": "layers-select-icons",
			"value": "header-logo-left",
			"default": "header-logo-left"
		},
		"layers-header-sticky": {
			"title": "Sticky",
			"type": "layers-checkbox",
			"value": "",
			"default": ""
		},
		"layers-header-overlay": {
			"title": "Overlay",
			"type": "layers-checkbox",
			"value": "",
			"default": ""
		}
	},
	"pages": {
		"borderline-home-page": {
			"post_title": "Borderline-Home Page",
			"screenshot": "http:\/\/s.wordpress.com\/mshots\/v1\/http%3A%2F%2Fobox.beta%2Fborderline%2F?w=320&h=480",
			"screenshot_type": "png",
			"widget_data": "{\"obox-layers-builder-4\":{\"layers-widget-slide-1\":{\"design\":{\"layout\":\"layout-full-screen\",\"advanced\":{\"customclass\":\"\",\"customcss\":\"\",\"padding\":{\"top\":\"\",\"right\":\"\",\"bottom\":\"\",\"left\":\"\"},\"margin\":{\"top\":\"\",\"right\":\"\",\"bottom\":\"\",\"left\":\"\"}}},\"slider_arrow_color\":\"\",\"slide_time\":\"\",\"slide_height\":\"750\",\"slide_ids\":\"575,945,160,263\",\"focus_slide\":\"3\",\"slides\":{\"575\":{\"design\":{\"background\":{\"image\":\"http:\\\/\\\/obox.beta\\\/borderline\\\/wp-content\\\/uploads\\\/sites\\\/21\\\/2015\\\/06\\\/slide-4.jpg\",\"color\":\"#efefef\",\"repeat\":\"repeat\",\"position\":\"center\"},\"featuredimage\":\"\",\"featuredvideo\":\"\",\"imagealign\":\"image-top\",\"fonts\":{\"align\":\"text-center\",\"size\":\"large\",\"color\":\"#ffffff\"}},\"title\":\"Snowstorm\",\"excerpt\":\"<p>Carefully crafted WordPress Theme<\\\/p>\",\"link\":\"#\",\"link_text\":\"Purchase Now\"},\"945\":{\"design\":{\"background\":{\"image\":\"http:\\\/\\\/obox.beta\\\/borderline\\\/wp-content\\\/uploads\\\/sites\\\/21\\\/2015\\\/06\\\/slide-5.jpg\",\"color\":\"#efefef\",\"repeat\":\"repeat\",\"position\":\"center\"},\"featuredimage\":\"\",\"featuredvideo\":\"\",\"imagealign\":\"image-top\",\"fonts\":{\"align\":\"text-center\",\"size\":\"large\",\"color\":\"#ffffff\"}},\"title\":\"Exploration\",\"excerpt\":\"<p>Carefully crafted WordPress Theme<\\\/p>\",\"link\":\"#\",\"link_text\":\"Purchase Now\"},\"160\":{\"design\":{\"background\":{\"image\":\"http:\\\/\\\/obox.beta\\\/borderline\\\/wp-content\\\/uploads\\\/sites\\\/21\\\/2015\\\/06\\\/slide-7.jpg\",\"color\":\"#efefef\",\"repeat\":\"repeat\",\"position\":\"center\"},\"featuredimage\":\"\",\"featuredvideo\":\"\",\"imagealign\":\"image-top\",\"fonts\":{\"align\":\"text-center\",\"size\":\"large\",\"color\":\"#ffffff\"}},\"title\":\"Blizzard\",\"excerpt\":\"<p>Carefully crafted WordPress Theme<\\\/p>\",\"link\":\"#\",\"link_text\":\"Purchase Now\"},\"263\":{\"design\":{\"background\":{\"image\":\"http:\\\/\\\/obox.beta\\\/borderline\\\/wp-content\\\/uploads\\\/sites\\\/21\\\/2015\\\/06\\\/slide-3.jpg\",\"color\":\"#efefef\",\"repeat\":\"repeat\",\"position\":\"center\"},\"featuredimage\":\"\",\"featuredvideo\":\"\",\"imagealign\":\"image-top\",\"fonts\":{\"align\":\"text-center\",\"size\":\"large\",\"color\":\"#ffffff\"}},\"title\":\"Warmbreeze\",\"excerpt\":\"<p>Carefully crafted WordPress Theme<\\\/p>\",\"link\":\"#\",\"link_text\":\"Purchase Now\"}}},\"layers-widget-column-1\":{\"design\":{\"layout\":\"layout-boxed\",\"gutter\":\"on\",\"fonts\":{\"align\":\"text-center\",\"size\":\"medium\",\"color\":\"\"},\"background\":{\"image\":\"\",\"color\":\"#f3f3f3\",\"repeat\":\"no-repeat\",\"position\":\"center\"},\"advanced\":{\"customclass\":\"\",\"customcss\":\"\",\"padding\":{\"top\":\"\",\"right\":\"\",\"bottom\":\"\",\"left\":\"\"},\"margin\":{\"top\":\"\",\"right\":\"\",\"bottom\":\"\",\"left\":\"\"}}},\"title\":\"Welcome\",\"excerpt\":\"<p>Design is not just what it looks like and feels like. Design is how it works.<\\\/p>\",\"column_ids\":\"347,191,342\",\"columns\":{\"347\":{\"design\":{\"background\":{\"image\":\"\",\"color\":\"\",\"repeat\":\"no-repeat\",\"position\":\"center\"},\"featuredimage\":\"http:\\\/\\\/obox.beta\\\/borderline\\\/wp-content\\\/uploads\\\/sites\\\/21\\\/2015\\\/06\\\/home-image-1.jpg\",\"featuredvideo\":\"\",\"imageratios\":\"image-no-crop\",\"imagealign\":\"image-top\",\"fonts\":{\"align\":\"text-center\",\"size\":\"medium\",\"color\":\"\"}},\"width\":\"4\",\"title\":\"Morocco Roadtrip\",\"excerpt\":\"<p>Lorem ipsum dolor sit amet, consectetuer adipiscing elit, sed diam nonummy nibh euismod tation ullamcorper suscipit lobortis nisldolore\\u00a0\\u00a0\\u00a0\\u00a0<\\\/p>\",\"link\":\"\",\"link_text\":\"\"},\"191\":{\"design\":{\"background\":{\"image\":\"\",\"color\":\"\",\"repeat\":\"no-repeat\",\"position\":\"center\"},\"featuredimage\":\"http:\\\/\\\/obox.beta\\\/borderline\\\/wp-content\\\/uploads\\\/sites\\\/21\\\/2015\\\/06\\\/home-image-2.jpg\",\"featuredvideo\":\"\",\"imagealign\":\"image-top\",\"fonts\":{\"align\":\"text-center\",\"size\":\"medium\",\"color\":\"\"}},\"width\":\"4\",\"title\":\"History of Brooklyn\",\"excerpt\":\"<p>Lorem ipsum dolor sit amet, consectetuer adipiscing elit, sed diam nonummy nibh euismod tation ullamcorper suscipit lobortis nisldolore<\\\/p>\",\"link\":\"\",\"link_text\":\"\"},\"342\":{\"design\":{\"background\":{\"image\":\"\",\"color\":\"\",\"repeat\":\"no-repeat\",\"position\":\"center\"},\"featuredimage\":\"http:\\\/\\\/obox.beta\\\/borderline\\\/wp-content\\\/uploads\\\/sites\\\/21\\\/2015\\\/06\\\/home-image-3.jpg\",\"featuredvideo\":\"\",\"imagealign\":\"image-top\",\"fonts\":{\"align\":\"text-center\",\"size\":\"medium\",\"color\":\"\"}},\"width\":\"4\",\"title\":\"Street Art Festival\",\"excerpt\":\"<p>Lorem ipsum dolor sit amet, consectetuer adipiscing elit, sed diam nonummy nibh euismod tation ullamcorper suscipit lobortis nisldolore<\\\/p>\",\"link\":\"\",\"link_text\":\"\"}}},\"layers-widget-column-3\":{\"design\":{\"liststyle\":\"list-grid\",\"fonts\":{\"size\":\"small\",\"color\":\"\"},\"background\":{\"image\":\"\",\"color\":\"#f3f3f3\",\"repeat\":\"no-repeat\",\"position\":\"center\"},\"advanced\":{\"customclass\":\"layers-portfolio\",\"customcss\":\"\",\"padding\":{\"top\":\"\",\"right\":\"\",\"bottom\":\"\",\"left\":\"\"},\"margin\":{\"top\":\"\",\"right\":\"\",\"bottom\":\"\",\"left\":\"\"}}},\"title\":\"\",\"excerpt\":\"\",\"column_ids\":\"994,403,288,170\",\"columns\":{\"994\":{\"design\":{\"background\":{\"image\":\"http:\\\/\\\/obox.beta\\\/borderline\\\/wp-content\\\/uploads\\\/sites\\\/21\\\/2015\\\/06\\\/pf-desert-art-550x550.jpg\",\"color\":\"\",\"repeat\":\"no-repeat\",\"position\":\"center\"},\"featuredimage\":\"\",\"featuredvideo\":\"\",\"imagealign\":\"image-top\",\"fonts\":{\"align\":\"text-center\",\"size\":\"small\",\"color\":\"#ffffff\"}},\"width\":\"3\",\"title\":\"Desert Art\",\"excerpt\":\"<p>concept of outdoors<\\\/p>\",\"link\":\"\",\"link_text\":\"\"},\"403\":{\"design\":{\"background\":{\"image\":\"http:\\\/\\\/obox.beta\\\/borderline\\\/wp-content\\\/uploads\\\/sites\\\/21\\\/2015\\\/06\\\/pf-personal-pics-550x550.jpg\",\"color\":\"\",\"repeat\":\"no-repeat\",\"position\":\"center\"},\"featuredimage\":\"\",\"featuredvideo\":\"\",\"imagealign\":\"image-top\",\"fonts\":{\"align\":\"text-center\",\"size\":\"small\",\"color\":\"#ffffff\"}},\"width\":\"3\",\"title\":\"Personal Pics\",\"excerpt\":\"<p>concept of outdoors<\\\/p>\",\"link\":\"\",\"link_text\":\"\"},\"288\":{\"design\":{\"background\":{\"image\":\"http:\\\/\\\/obox.beta\\\/borderline\\\/wp-content\\\/uploads\\\/sites\\\/21\\\/2015\\\/06\\\/pf-raw-photography-550x550.jpg\",\"color\":\"\",\"repeat\":\"no-repeat\",\"position\":\"center\"},\"featuredimage\":\"\",\"featuredvideo\":\"\",\"imagealign\":\"image-top\",\"fonts\":{\"align\":\"text-center\",\"size\":\"small\",\"color\":\"#ffffff\"}},\"width\":\"3\",\"title\":\"Raw Photography\",\"excerpt\":\"<p>concept of outdoors<\\\/p>\",\"link\":\"\",\"link_text\":\"\"},\"170\":{\"design\":{\"background\":{\"image\":\"http:\\\/\\\/obox.beta\\\/borderline\\\/wp-content\\\/uploads\\\/sites\\\/21\\\/2015\\\/06\\\/pf-k2-snapshots-550x550.jpg\",\"color\":\"\",\"repeat\":\"no-repeat\",\"position\":\"center\"},\"featuredimage\":\"\",\"featuredvideo\":\"\",\"imagealign\":\"image-top\",\"fonts\":{\"align\":\"text-center\",\"size\":\"small\",\"color\":\"#ffffff\"}},\"width\":\"3\",\"title\":\"K2 Snapshots\",\"excerpt\":\"<p>concept of outdoors<\\\/p>\",\"link\":\"\",\"link_text\":\"\"}}},\"layers-widget-column-4\":{\"design\":{\"layout\":\"layout-boxed\",\"liststyle\":\"list-grid\",\"gutter\":\"on\",\"fonts\":{\"align\":\"text-center\",\"size\":\"small\",\"color\":\"\"},\"background\":{\"image\":\"\",\"color\":\"#f3f3f3\",\"repeat\":\"no-repeat\",\"position\":\"center\"},\"advanced\":{\"customclass\":\"\",\"customcss\":\"\",\"padding\":{\"top\":\"\",\"right\":\"\",\"bottom\":\"\",\"left\":\"\"},\"margin\":{\"top\":\"\",\"right\":\"\",\"bottom\":\"\",\"left\":\"\"}}},\"title\":\"Our Team\",\"excerpt\":\"<p>Design is not just what it looks like and feels like. Design is how it works<\\\/p>\",\"column_ids\":\"994,545,264,757\",\"columns\":{\"994\":{\"design\":{\"background\":{\"image\":\"\",\"color\":\"\",\"repeat\":\"no-repeat\",\"position\":\"center\"},\"featuredimage\":\"http:\\\/\\\/obox.beta\\\/borderline\\\/wp-content\\\/uploads\\\/sites\\\/21\\\/2015\\\/06\\\/team-1.jpg\",\"featuredvideo\":\"\",\"imagealign\":\"image-top\",\"fonts\":{\"align\":\"text-left\",\"size\":\"medium\",\"color\":\"\"}},\"width\":\"3\",\"title\":\"Sumry\",\"excerpt\":\"Give us a brief description of the service that you are promoting. Try keep it short so that it is easy for people to scan your page.\",\"link\":\"\",\"link_text\":\"\"},\"545\":{\"design\":{\"background\":{\"image\":\"\",\"color\":\"\",\"repeat\":\"no-repeat\",\"position\":\"center\"},\"featuredimage\":\"http:\\\/\\\/obox.beta\\\/borderline\\\/wp-content\\\/uploads\\\/sites\\\/21\\\/2015\\\/06\\\/team-4.jpg\",\"featuredvideo\":\"\",\"imagealign\":\"image-top\",\"fonts\":{\"align\":\"text-left\",\"size\":\"medium\",\"color\":\"\"}},\"width\":\"3\",\"title\":\"Richard\",\"excerpt\":\"Give us a brief description of the service that you are promoting. Try keep it short so that it is easy for people to scan your page.\",\"link\":\"\",\"link_text\":\"\"},\"264\":{\"design\":{\"background\":{\"image\":\"\",\"color\":\"\",\"repeat\":\"no-repeat\",\"position\":\"center\"},\"featuredimage\":\"http:\\\/\\\/obox.beta\\\/borderline\\\/wp-content\\\/uploads\\\/sites\\\/21\\\/2015\\\/06\\\/team-3.jpg\",\"featuredvideo\":\"\",\"imagealign\":\"image-top\",\"fonts\":{\"align\":\"text-left\",\"size\":\"medium\",\"color\":\"\"}},\"width\":\"3\",\"title\":\"Yvonne\",\"excerpt\":\"Give us a brief description of the service that you are promoting. Try keep it short so that it is easy for people to scan your page.\",\"link\":\"\",\"link_text\":\"\"},\"757\":{\"design\":{\"background\":{\"image\":\"\",\"color\":\"\",\"repeat\":\"no-repeat\",\"position\":\"center\"},\"featuredimage\":\"http:\\\/\\\/obox.beta\\\/borderline\\\/wp-content\\\/uploads\\\/sites\\\/21\\\/2015\\\/06\\\/team-2.jpg\",\"featuredvideo\":\"\",\"imagealign\":\"image-top\",\"fonts\":{\"align\":\"text-left\",\"size\":\"medium\",\"color\":\"\"}},\"width\":\"3\",\"title\":\"Maxwell\",\"excerpt\":\"Give us a brief description of the service that you are promoting. Try keep it short so that it is easy for people to scan your page.\",\"link\":\"\",\"link_text\":\"\"}}},\"layers-widget-slide-2\":{\"slider_arrow_color\":\"\",\"slide_time\":\"\",\"slide_height\":\"350\",\"design\":{\"advanced\":{\"customclass\":\"\",\"customcss\":\"\",\"padding\":{\"top\":\"\",\"right\":\"\",\"bottom\":\"\",\"left\":\"\"},\"margin\":{\"top\":\"\",\"right\":\"\",\"bottom\":\"\",\"left\":\"\"}}},\"slide_ids\":\"701\",\"focus_slide\":\"0\",\"slides\":{\"701\":{\"design\":{\"background\":{\"image\":\"http:\\\/\\\/obox.beta\\\/borderline\\\/wp-content\\\/uploads\\\/sites\\\/21\\\/2015\\\/06\\\/slide-3.jpg\",\"color\":\"#000000\",\"repeat\":\"repeat\",\"position\":\"center\"},\"featuredimage\":\"\",\"featuredvideo\":\"\",\"imagealign\":\"image-top\",\"fonts\":{\"align\":\"text-center\",\"size\":\"medium\",\"color\":\"\"}},\"title\":\"Our Favorite Designs\",\"excerpt\":\"<p>Design is the method of putting form and content together; there is no single definition. Design can be aesthetics. Design is so simple, that's why it is so complicated.<\\\/p>\",\"link\":\"\",\"link_text\":\"\"}}}}}"
		}
	},
	"css": ".swiper-slide .overlay{ border:  30px solid white; }\n.nav-horizontal li a{\nfont-family: Raleway, \"Helvetica Neue\", Helvetica, sans-serif;\ntext-transform: uppercase;\n}\n.heading{\nfont-weight: bold;\ntext-transform: uppercase;\n}\nsection[id^='layers-widget-column-'] .layers-masonry-column{ padding: 100px 0px; }\n\nsection.layers-portfolio .layers-masonry-column h5.heading{\nborder-bottom: 1px solid #fff;\nwidth: 75%;\nmargin: 15px auto;\npadding-bottom: 15px;\n}\n\nsection.layers-portfolio .layers-masonry-column div.excerpt{\nfont-style: italic;\n}",
	"info": {
		"layers-version": "1.1.4",
		"php-version": "5.6.10",
		"wp-version": "4.2.2"
	}
}